"","ID.Variant","Sample.ID.x","HUGO.symbol.x","Gene.Variation.x","Tissue","PMKB.Tier","AF/CN.x","Source.x","TissueSummary","Sample.ID.y","HUGO.symbol.y","Gene.Variation.y","Level","AF/CN.y","Source.y","Detectedby","gene.variants.combined","SampleID.combined"
"1","IonXpress_001.AR.Gain","IonXpress_001","AR","AR.Gain","Prostate","1","8.98100525048033","PMKB","Other",NA,NA,NA,NA,NA,NA,"PMKB","AR.Gain","IonXpress_001"
"2","IonXpress_034.ATM.F858L","IonXpress_034","ATM","ATM.F858L","Breast, SkinBreast, Colon, Esophagus, Lung, Stomach, Unknown, RectumThyroid","3","0.697824","PMKB","Breast",NA,NA,NA,NA,NA,NA,"PMKB","ATM.F858L","IonXpress_034"
"3","IonXpress_001.ERBB2.Gain","IonXpress_001","ERBB2","ERBB2.Gain","Breast","1","6.53388972581291","PMKB","Breast","IonXpress_001","ERBB2","ERBB2.Gain","1","6.53388972581291","OncoKB","Both","ERBB2.Gain","IonXpress_001"
"18","IonXpress_046.FGFR1.Gain","IonXpress_046","FGFR1","FGFR1.Gain","PancreasBreastAppendix, Colon, Esophagus, Peritoneum, Retroperitoneum, Stomach, Rectum, Gastroesophageal JunctionColonProstateLung","2","7.61968220894312","PMKB","Breast",NA,NA,NA,NA,NA,NA,"PMKB","FGFR1.Gain","IonXpress_046"
"19","IonXpress_037.IDH1.R132H","IonXpress_037","IDH1","IDH1.R132H","BreastLiverBrain, Spinal Cord, Brain, Infratentorial, Brain, SupratentorialBlood, Bone Marrow","2","0.355484","PMKB","Breast",NA,NA,NA,NA,NA,NA,"PMKB","IDH1.R132H","IonXpress_037"
"20","IonXpress_040.JAK3.V722I","IonXpress_040","JAK3","JAK3.V722I","Colon, Lung, Pancreas, Thyroid","3","0.527473","PMKB","Other",NA,NA,NA,NA,NA,NA,"PMKB","JAK3.V722I","IonXpress_040"
"21","IonXpress_013.PIK3CA.E545K","IonXpress_013","PIK3CA","PIK3CA.E545K","Colon, RectumAnus, Oral Cavity, PharynxBreastLiver, Pancreas, StomachBlood, Bone Marrow","1","0.78999","PMKB","Breast","IonXpress_013","PIK3CA","PIK3CA.E545K","3","0.78999","OncoKB","Both","PIK3CA.E545K","IonXpress_013"
"24","IonXpress_001.PIK3CA.H1047R","IonXpress_001","PIK3CA","PIK3CA.H1047R","Anus, Oral Cavity, PharynxBreastLiver, Pancreas, StomachBlood, Bone Marrow","2","0.410548","PMKB","Breast","IonXpress_001","PIK3CA","PIK3CA.H1047R","3","0.410548","OncoKB","Both","PIK3CA.H1047R","IonXpress_001"
"32","IonXpress_001.TP53.E204*","IonXpress_001","TP53","TP53.E204*","Lung, Pancreas","2","0.535721","PMKB","Other",NA,NA,NA,NA,NA,NA,"PMKB","TP53.E204*","IonXpress_001"
"33","IonXpress_037.PIK3CA.R88Q",NA,NA,NA,NA,NA,NA,NA,NA,"IonXpress_037","PIK3CA","PIK3CA.R88Q","3","0.348718","OncoKB","OncoKB","PIK3CA.R88Q","IonXpress_037"
