"Combine","X","Input.line","ID","Chromosome","Position","Strand","Reference.base.s.","Alternate.base.s.","Sample.ID.x","HUGO.symbol","Sequence.ontology","Protein.sequence.change","CHASM.p.value","CHASM.FDR","ClinVar","COSMIC.ID","COSMIC.variant.count..tissue.","Number.of.samples.with.variant","dbSNP","ESP6500.AF..average.","gnomAD.AF.Total","gnomAD.AF.African","gnomAD.AF.American","gnomAD.AF.Ashkenazi.Jewish","gnomAD.AF.East.Asian","gnomAD.AF.Finnish","gnomAD.AF.Non.Finnish.European","gnomAD.AF.Other","gnomAD.AF.South.Asian","GWAS.NHLBI.Key..GRASP.","GWAS.PMID..GRASP.","GWAS.Phenotype..GRASP.","Protein.3D.variant","In.TCGA.Mutation.Cluster","ncRNA.Class","ncRNA.Name","Pseudogene","Pseudogene.Transcript","Repeat.Class","Repeat.Family","Repeat.Name","TARGET","X1000.Genomes.AF","UTR.Intron","UTR.Intron.Gene","UTR.Intron.All.Transcript","Phred","VCF.filters","Zygosity","Alternate.reads","Total.reads","Variant.allele.frequency","VEST.p.value","VEST.FDR","CGL.driver.class","AF","STB","Chr","Start","Alt","Sample.ID.y","Sample.ID"
"chr1.206658583.A.IonXpress_039",28,116,"VAR134_IonXpress_039","chr1",206658583,"+","G","A","IonXpress_039","IKBKE","MS","S519N",0.362,0.55,"","","",1,"",0,NA,NA,NA,NA,NA,NA,NA,NA,NA,"","","","../MuPIT_Interactive?gm=chr1:206485246","",NA,NA,NA,NA,"","","","",0,"","","",486.663,"PASS","het",NA,229,NA,0.71147,1,"",0.200873,0.517543859649123,"chr1","206658583","A","IonXpress_039","IonXpress_039"
"chr1.27101105.T.IonXpress_039",9,95,"VAR121_IonXpress_039","chr1",27101105,"+","C","T","IonXpress_039","ARID1A","MS","R1463C",0.0278,0.1,"","","",1,"",0,6.46412411118e-05,NA,NA,NA,NA,NA,0.000133475707421,NA,NA,"","","","","",NA,NA,NA,NA,"","","","",0,"intron","ARID1A","ENST00000457599.6(intron)",310.843,"PASS","het",NA,186,NA,0.02095,0.25,"TSG",0.150538,0.540983606557377,"chr1","27101105","T","IonXpress_039","IonXpress_039"
"chr10.123256162.T.IonXpress_038",1191,2028,"VAR453_IonXpress_038","chr10",123256162,"+","C","T","IonXpress_038","FGFR2","MS","G584R",0.0086,0.05,"","COSM4444294","large_intestine(1)",1,"rs138712692",0.0001134815,8.12770246107e-06,6.53509345184e-05,NA,NA,5.79777365492e-05,NA,NA,NA,NA,"","","","../MuPIT_Interactive?gm=chr10:121496648","",NA,NA,NA,NA,"","","","FGFR Inhibitors",0,"","","",253.785,"PASS","het",NA,132,NA,0.04615,0.3,"Oncogene",0.181818,0.511811023622047,"chr10","123256162","T","IonXpress_038","IonXpress_038"
"chr10.8115750.T.IonXpress_015",1173,2008,"VAR443_IonXpress_015","chr10",8115750,"+","C","T","IonXpress_015","GATA3","SG","R367*",NA,NA,"Pathogenic","COSM41680","breast(1)",1,"rs104894164",0,NA,NA,NA,NA,NA,NA,NA,NA,NA,"","","","","",NA,NA,NA,NA,"","","","",0,"","","",29884.4,"PASS","het",NA,5053,NA,0.01907,0.25,"TSG",0.384311,0.50482180293501,"chr10","8115750","T","IonXpress_015","IonXpress_015"
"chr11.108106490.A.IonXpress_038",730,1254,"VAR299_IonXpress_038","chr11",108106490,"+","G","A","IonXpress_038","ATM","MS","S142N",0.1706,0.3,"","","",1,"rs755618506",0,8.12605130789e-06,NA,NA,NA,NA,NA,1.79195412597e-05,NA,NA,"","","","../MuPIT_Interactive?gm=chr11:108235763","",NA,NA,NA,NA,"","","","PARP Inhibitors",0,"","","",227.903,"PASS","het",NA,99,NA,0.04524,0.3,"TSG",0.222222,0.556701030927835,"chr11","108106490","A","IonXpress_038","IonXpress_038"
"chr11.108124635.G.IonXpress_031",732,1256,"VAR301_IonXpress_031","chr11",108124635,"+","A","G","IonXpress_031","ATM","MS","I665V",0.1804,0.35,"","","",1,"",0,NA,NA,NA,NA,NA,NA,NA,NA,NA,"","","","","",NA,NA,NA,NA,"","","","PARP Inhibitors",0,"","","",41510.6,"PASS","het",NA,6825,NA,0.95992,1,"TSG",0.388155,0.53972561435248,"chr11","108124635","G","IonXpress_031","IonXpress_031"
"chr11.108138003.C.IonXpress_034",734,1279,"VAR303_IonXpress_034","chr11",108138003,"+","T","C","IonXpress_034","ATM","MS","F858L",0.0092,0.05,"","COSM21826","salivary_gland(1); haematopoietic_and_lymphoid_tissue(8); lung(1); central_nervous_system(1); skin(2)",3,"rs1800056",0.007581335,0.00856128552771,0.00228918671439,0.00491022139578,0.0133004926108,NA,0.00445943849853,0.0142478253319,0.0108258583359,0.00077967643428,"198751031302299,220641621302300,224846276808435","19875103,22064162,22484627","Barnes Akathisia Rating Scale(0.0430),Comorbid depressive syndrome and alcohol dependence(0.0213),Obesity with early age of onset (age >2)(0.0356)","../MuPIT_Interactive?gm=chr11:108267276","",NA,NA,NA,NA,"","","","PARP Inhibitors",0.00459265,"","","",66202.1,"PASS","het",NA,1241,NA,0.42152,0.75,"TSG",0.697824,0.499184339314845,"chr11","108138003","C","IonXpress_034","IonXpress_034"
"chr11.108175418.A.IonXpress_039",738,1283,"VAR306_IonXpress_039","chr11",108175418,"+","G","A","IonXpress_039","ATM","MS","C1838Y",0.173,0.3,"","","",1,"",0,NA,NA,NA,NA,NA,NA,NA,NA,NA,"","","","../MuPIT_Interactive?gm=chr11:108304691","",NA,NA,NA,NA,"","","","PARP Inhibitors",0,"","","",318.687,"PASS","het",NA,209,NA,0.00911,0.2,"TSG",0.157895,0.519417475728155,"chr11","108175418","A","IonXpress_039","IonXpress_039"
"chr11.108175463.T.IonXpress_031",745,1290,"VAR308_IonXpress_031","chr11",108175463,"+","A","T","IonXpress_031","ATM","MS","D1853V",0.0118,0.05,"","COSM21628","large_intestine(1); haematopoietic_and_lymphoid_tissue(1)",1,"rs1801673",0.003886169,0.00491453763596,0.000749313129631,0.00296684118674,0.00749654764253,5.31180282588e-05,0.00364736923793,0.00686947988224,0.00402726146221,0.00568551007147,"200818581303787,200818581303788","20081858,20081858","Fasting blood glucose(0.0025),HOMA-IR(0.0260)","../MuPIT_Interactive?gm=chr11:108304736","",NA,NA,NA,NA,"","","","PARP Inhibitors",0.00179712,"","","",56841.8,"PASS","het",NA,11899,NA,0.03451,0.3,"TSG",0.327892,0.501491519645444,"chr11","108175463","T","IonXpress_031","IonXpress_031"
"chr11.108192131.A.IonXpress_039",746,1291,"VAR309_IonXpress_039","chr11",108192131,"+","G","A","IonXpress_039","ATM","MS","G2186R",0.1086,0.2,"","","",1,"",0,NA,NA,NA,NA,NA,NA,NA,NA,NA,"","","","../MuPIT_Interactive?gm=chr11:108321404","",NA,NA,NA,NA,"","","","PARP Inhibitors",0,"intron","C11orf65","ENST00000525729.5(intron)",460.297,"PASS","het",NA,146,NA,0.13673,0.45,"TSG",0.253425,0.527397260273973,"chr11","108192131","A","IonXpress_039","IonXpress_039"
"chr11.69456169.A.IonXpress_046",725,1243,"VAR292_IonXpress_046","chr11",69456169,"+","G","A","IonXpress_046","CCND1","MS","A30T",0.2912,0.5,"","","",1,"rs2220247",5.8221e-05,0.000375399764653,4.16319733555e-05,5.81158830708e-05,NA,NA,0.00197843122042,0.000316035648821,0.000618811881188,0.00019491910857,"","","","../MuPIT_Interactive?gm=chr11:69641401","",NA,NA,NA,NA,"","","","Hormone therapy",0,"","","",20194.1,"PASS","het",NA,1216,NA,0.81227,1,"Oncogene",0.828266,0.51761744966443,"chr11","69456169","A","IonXpress_046","IonXpress_046"
"chr11.69514034.A.IonXpress_041",728,1252,"VAR297_IonXpress_041","chr11",69514034,"+","T","A","IonXpress_041","FGF19","MS","K216M",0.7862,0.9,"","","",2,"",0,NA,NA,NA,NA,NA,NA,NA,NA,NA,"","","","","",NA,NA,NA,NA,"","","","",0,"","","",48358,"PASS","het",NA,4931,NA,0.31889,0.7,"",0.554545,0.456686463239812,"chr11","69514034","A","IonXpress_041","IonXpress_041"
"chr12.12870936.A.IonXpress_022",748,1293,"VAR311_IonXpress_022","chr12",12870936,"+","G","A","IonXpress_022","CDKN1B","MS","A55T",0.1378,0.25,"","","",1,"rs759665516",0,4.32847341957e-05,NA,0.000261475886113,NA,NA,NA,NA,0.000464108910891,NA,"","","","../MuPIT_Interactive?gm=chr12:12718002","",NA,NA,NA,NA,"","","","CDK inhibitors",0,"","","",20048.4,"PASS","het",NA,2829,NA,0.36656,0.75,"",0.441187,0.49,"chr12","12870936","A","IonXpress_022","IonXpress_022"
"chr14.38061267.A.IonXpress_037",1197,2035,"VAR460_IonXpress_037","chr14",38061267,"+","C","A","IonXpress_037","FOXA1","MS","G241V",0.2202,0.4,"","","",1,"",0,NA,NA,NA,NA,NA,NA,NA,NA,NA,"","","","../MuPIT_Interactive?gm=chr14:37592062","",NA,NA,NA,NA,"","","","",0,"","","",2274.62,"PASS","het",NA,434,NA,0.00162,0.15,"",0.369266,0.574074074074074,"chr14","38061267","A","IonXpress_037","IonXpress_037"
"chr16.67645922.T.IonXpress_015",1216,2066,"VAR478_IonXpress_015","chr16",67645922,"+","C","T","IonXpress_015","CTCF","MS","H284Y",0.0022,0.05,"","COSM435534","breast(3)",1,"",0,NA,NA,NA,NA,NA,NA,NA,NA,NA,"","","","","",NA,NA,NA,NA,"","","","",0,"intron","CTCF","ENST00000401394.5(intron)",27943.4,"PASS","het",NA,2918,NA,0.00445,0.2,"",0.550462,0.498267498267498,"chr16","67645922","T","IonXpress_015","IonXpress_015"
"chr17.11998902.G.IonXpress_043",913,1570,"VAR366_IonXpress_043","chr17",11998902,"+","C","G","IonXpress_043","MAP2K4","SG","S146*",NA,NA,"","","",1,"",0,NA,NA,NA,NA,NA,NA,NA,NA,NA,"","","","","",NA,NA,NA,NA,"","","","",0,"","","",11438.9,"PASS","het",NA,1560,NA,0.00564,0.2,"TSG",0.451737,0.555845852384063,"chr17","11998902","G","IonXpress_043","IonXpress_043"
"chr17.15938199.C.IonXpress_030",916,1573,"VAR369_IonXpress_030","chr17",15938199,"+","T","C","IonXpress_030","NCOR1","MS","I2339V",0.097,0.2,"","","",1,"",0,4.06074880208e-06,NA,NA,NA,NA,NA,8.95158980235e-06,NA,NA,"","","","","",NA,NA,NA,NA,"","","","",0,"","","",58631,"PASS","het",NA,7382,NA,0.56077,0.9,"TSG",0.477044,0.511187845303867,"chr17","15938199","C","IonXpress_030","IonXpress_030"
"chr17.16062129.A.IonXpress_038",923,1581,"VAR377_IonXpress_038","chr17",16062129,"+","G","A","IonXpress_038","NCOR1","MS","P226L",0.032,0.1,"","","",1,"",0,NA,NA,NA,NA,NA,NA,NA,NA,NA,"","","","","",NA,NA,NA,NA,"","","","",0,"","","",347.35,"PASS","het",NA,119,NA,0.12246,0.45,"TSG",0.252101,0.531531531531532,"chr17","16062129","A","IonXpress_038","IonXpress_038"
"chr17.16062157.A.IonXpress_038",925,1583,"VAR379_IonXpress_038","chr17",16062157,"+","G","A","IonXpress_038","NCOR1","MS","P217S",0.0494,0.15,"","","",1,"",0,NA,NA,NA,NA,NA,NA,NA,NA,NA,"","","","","",NA,NA,NA,NA,"","","","",0,"","","",330.992,"PASS","het",NA,121,NA,0.21425,0.55,"TSG",0.239669,0.525,"chr17","16062157","A","IonXpress_038","IonXpress_038"
"chr17.7573964.T.IonXpress_039",859,1454,"VAR337_IonXpress_039","chr17",7573964,"+","C","T","IonXpress_039","TP53","MS","A355T",0.0762,0.2,"","","",1,"",0,4.07040166724e-06,NA,NA,NA,NA,NA,8.98182079471e-06,NA,NA,"","","","../MuPIT_Interactive?gm=chr17:7670646","",NA,NA,NA,NA,"","","","Wee1 inhibitors",0,"intron","TP53","ENST00000413465.6(intron),ENST00000359597.8(intron),ENST00000504290.5(5' UTR),ENST00000510385.5(5' UTR),ENST00000610623.4(5' UTR),ENST00000618944.4(5' UTR),ENST00000617185.4(5' UTR),ENST00000420246.6(5' UTR),ENST00000455263.6(5' UTR),ENST00000610538.4(5' UTR),ENST00000622645.4(5' UTR)",560.316,"PASS","het",NA,292,NA,0.67999,0.95,"TSG",0.178082,0.496551724137931,"chr17","7573964","T","IonXpress_039","IonXpress_039"
"chr17.7573991.T.IonXpress_038",860,1455,"VAR338_IonXpress_038","chr17",7573991,"+","C","T","IonXpress_038","TP53","MS","E346K",0.002,0.05,"","","",1,"",0,NA,NA,NA,NA,NA,NA,NA,NA,NA,"","","","../MuPIT_Interactive?gm=chr17:7670673","",NA,NA,NA,NA,"","","","Wee1 inhibitors",0,"intron","TP53","ENST00000413465.6(intron),ENST00000359597.8(intron),ENST00000504290.5(5' UTR),ENST00000510385.5(5' UTR),ENST00000610623.4(5' UTR),ENST00000618944.4(5' UTR),ENST00000617185.4(5' UTR),ENST00000420246.6(5' UTR),ENST00000455263.6(5' UTR),ENST00000610538.4(5' UTR),ENST00000622645.4(5' UTR)",268.173,"PASS","het",NA,123,NA,0.13086,0.45,"TSG",0.203252,0.504065040650406,"chr17","7573991","T","IonXpress_038","IonXpress_038"
"chr17.7577085.T.IonXpress_017",862,1459,"VAR341_IonXpress_017","chr17",7577085,"+","C","T","IonXpress_017","TP53","MS","E285K",0,0.05,"","COSM10722","large_intestine(9); vulva(1); endometrium(1); lung(4); skin(5); thyroid(1); cervix(2); eye(1); central_nervous_system(4); oesophagus(8); upper_aerodigestive_tract(4); biliary_tract(4); stomach(6); soft_tissue(2); urinary_tract(43); liver(6); prostate(2); pancreas(2); adrenal_gland(1); salivary_gland(2); haematopoietic_and_lymphoid_tissue(6); ovary(2); bone(1); breast(21)",1,"rs112431538",0,NA,NA,NA,NA,NA,NA,NA,NA,NA,"","","","../MuPIT_Interactive?gm=chr17:7673767","Yes",NA,NA,NA,NA,"","","","Wee1 inhibitors",0,"intron","TP53","ENST00000413465.6(intron)",10630.7,"PASS","het",NA,1927,NA,0.01447,0.25,"TSG",0.364948,0.575486586007365,"chr17","7577085","T","IonXpress_017","IonXpress_017"
"chr17.7577548.T.IonXpress_038",867,1464,"VAR346_IonXpress_038","chr17",7577548,"+","C","T","IonXpress_038","TP53","MS","G245S",0,0.05,"Pathogenic/Likely pathogenic","COSM6932","large_intestine(127); vulva(5); endometrium(3); lung(10); skin(8); kidney(1); cervix(1); central_nervous_system(30); oesophagus(24); upper_aerodigestive_tract(15); biliary_tract(2); stomach(43); soft_tissue(1); urinary_tract(12); breast(32); prostate(6); pancreas(15); salivary_gland(2); small_intestine(4); haematopoietic_and_lymphoid_tissue(25); ovary(26); liver(4)",1,"rs28934575",5.81395e-05,3.60838878224e-06,4.16701391783e-05,NA,NA,NA,NA,NA,NA,NA,"","","","../MuPIT_Interactive?gm=chr17:7674230","Yes",NA,NA,NA,NA,"","","","Wee1 inhibitors",0,"","","",213.011,"PASS","het",NA,115,NA,0.00779,0.2,"TSG",0.184211,0.47787610619469,"chr17","7577548","T","IonXpress_038","IonXpress_038"
"chr17.7578239.A.IonXpress_001",871,1468,"VAR350_IonXpress_001","chr17",7578239,"+","C","A","IonXpress_001","TP53","SG","E204*",NA,NA,"","COSM10804","upper_aerodigestive_tract(6); large_intestine(3); stomach(1); haematopoietic_and_lymphoid_tissue(1); biliary_tract(1); urinary_tract(2); lung(10); breast(5); oesophagus(3); ovary(4); NS(1); kidney(1); liver(1)",1,"",0,NA,NA,NA,NA,NA,NA,NA,NA,NA,"","","","","",NA,NA,NA,NA,"","","","Wee1 inhibitors",0,"","","",46839.1,"PASS","het",NA,5059,NA,0.01149,0.2,"TSG",0.535721,0.459321340964841,"chr17","7578239","A","IonXpress_001","IonXpress_001"
"chr17.7578271.C.IonXpress_022",872,1469,"VAR351_IonXpress_022","chr17",7578271,"+","T","C","IonXpress_022","TP53","MS","H193R",0,0.05,"","COSM10742","upper_aerodigestive_tract(4); biliary_tract(2); stomach(6); central_nervous_system(6); haematopoietic_and_lymphoid_tissue(12); breast(23); large_intestine(5); endometrium(2); urinary_tract(4); salivary_gland(1); lung(12); liver(8); oesophagus(11); ovary(15); prostate(2); kidney(1); pancreas(1)",1,"rs786201838",0,NA,NA,NA,NA,NA,NA,NA,NA,NA,"","","","../MuPIT_Interactive?gm=chr17:7674953","Yes",NA,NA,NA,NA,"","","","Wee1 inhibitors",0,"","","",3058.27,"PASS","het",NA,1420,NA,0.00283,0.15,"TSG",0.186488,0.503556187766714,"chr17","7578271","C","IonXpress_022","IonXpress_022"
"chr17.7579313.A.IonXpress_010",874,1471,"VAR353_IonXpress_010","chr17",7579313,"+","G","A","IonXpress_010","TP53","MS","T125M",0,0.05,"","COSM44988","large_intestine(4); stomach(1); haematopoietic_and_lymphoid_tissue(4); urinary_tract(3); lung(1); liver(2); ovary(1); prostate(1)",1,"rs786201057",0,3.22893122376e-05,0.000114521300962,NA,NA,NA,NA,NA,NA,NA,"","","","../MuPIT_Interactive?gm=chr17:7675995","Yes",NA,NA,NA,NA,"","","","Wee1 inhibitors",0,"intron","TP53","ENST00000615910.4(intron),ENST00000504290.5(2k downstream),ENST00000504937.5(2k downstream),ENST00000510385.5(2k downstream),ENST00000610623.4(2k downstream),ENST00000618944.4(2k downstream),ENST00000619186.4(2k downstream)",15079.7,"PASS","het",NA,2614,NA,0.02388,0.3,"TSG",0.379878,0.500772797527048,"chr17","7579313","A","IonXpress_010","IonXpress_010"
"chr17.7579358.A.IonXpress_002",875,1472,"VAR354_IonXpress_002","chr17",7579358,"+","C","A","IonXpress_002","TP53","MS","R110L",2e-04,0.05,"","COSM10716","upper_aerodigestive_tract(6); large_intestine(1); stomach(1); soft_tissue(1); haematopoietic_and_lymphoid_tissue(3); urinary_tract(4); lung(4); liver(3); oesophagus(6); ovary(1); breast(1); pancreas(1)",1,"rs11540654",0,NA,NA,NA,NA,NA,NA,NA,NA,NA,"","","","../MuPIT_Interactive?gm=chr17:7676040","",NA,NA,NA,NA,"","","","Wee1 inhibitors",0,"2k downstream","TP53","ENST00000504290.5(2k downstream),ENST00000504937.5(2k downstream),ENST00000510385.5(2k downstream),ENST00000610623.4(2k downstream),ENST00000618944.4(2k downstream),ENST00000619186.4(2k downstream)",19837.8,"PASS","het",NA,1602,NA,0.02176,0.25,"TSG",0.673137,0.470662460567823,"chr17","7579358","A","IonXpress_002","IonXpress_002"
"chr17.8108653.A.IonXpress_038",910,1564,"VAR360_IonXpress_038","chr17",8108653,"+","G","A","IonXpress_038","AURKB","MS","R249C",0.1518,0.3,"","COSM3821087","prostate(1); breast(1)",1,"rs749454960",0,1.21835327372e-05,6.53423941453e-05,2.97796307326e-05,NA,NA,NA,8.95319270852e-06,NA,NA,"","","","../MuPIT_Interactive?gm=chr17:8205335","",NA,NA,NA,NA,"","","","",0,"","","",187.147,"PASS","het",NA,90,NA,0.37901,0.75,"",0.213483,0.481927710843373,"chr17","8108653","A","IonXpress_038","IonXpress_038"
"chr19.17945696.T.IonXpress_040",1076,1818,"VAR417_IonXpress_040","chr19",17945696,"+","C","T","IonXpress_040","JAK3","MS","V722I",0.0014,0.05,"","COSM34213","haematopoietic_and_lymphoid_tissue(3); central_nervous_system(2); skin(4)",1,"rs3213409",0.007649235,0.00839107838891,0.00208350695891,0.00514265791156,0.0251231527094,5.30054065515e-05,0.00399379604498,0.0120918697774,0.00974930362117,0.00471054512377,"","","","../MuPIT_Interactive?gm=chr19:17834887","",NA,NA,NA,NA,"","","","tofacitinib, JAK inhibitors",0.00359425,"","","",46228.5,"PASS","het",NA,5099,NA,0.9662,1,"Oncogene",0.527473,0.467089611419508,"chr19","17945696","T","IonXpress_040","IonXpress_040"
"chr19.30312940.T.IonXpress_038",1079,1834,"VAR421_IonXpress_038","chr19",30312940,"+","C","T","IonXpress_038","CCNE1","MS","S248F",0.1678,0.3,"","","",1,"",0,NA,NA,NA,NA,NA,NA,NA,NA,NA,"","","","../MuPIT_Interactive?gm=chr19:29822033","",NA,NA,NA,NA,"","","","CDK2 inhibitor",0,"intron","CCNE1","ENST00000357943.9(intron)",285.876,"PASS","het",NA,113,NA,0.02611,0.3,"",0.230088,0.47787610619469,"chr19","30312940","T","IonXpress_038","IonXpress_038"
"chr19.30312976.T.IonXpress_036",1080,1835,"VAR422_IonXpress_036","chr19",30312976,"+","A","T","IonXpress_036","CCNE1","MS","N260I",0.4718,0.65,"","","",1,"rs61750863",0.00208463,0.00204543978759,0.000416077223933,0.0019757103841,0.00748620961387,NA,0.000194084310224,0.0029355133992,0.00340346534653,0.000454840805718,"","","","../MuPIT_Interactive?gm=chr19:29822069","",NA,NA,NA,NA,"","","","CDK2 inhibitor",0.00219649,"intron","CCNE1","ENST00000357943.9(intron)",129903,"PASS","het",NA,12855,NA,0.2353,0.6,"",0.570449,0.493019607843137,"chr19","30312976","T","IonXpress_036","IonXpress_036"
"chr2.209113112.T.IonXpress_037",159,250,"VAR150_IonXpress_037","chr2",209113112,"+","C","T","IonXpress_037","IDH1","MS","R132H",0.006,0.05,"Pathogenic/Likely pathogenic, not provided","COSM28746","salivary_gland(1); central_nervous_system(3918); haematopoietic_and_lymphoid_tissue(333); urinary_tract(1); lung(1); skin(1); prostate(5); bone(40)",1,"rs121913500",0,NA,NA,NA,NA,NA,NA,NA,NA,NA,"","","","../MuPIT_Interactive?gm=chr2:208248388","Yes",NA,NA,NA,NA,"","","","IDH inhibitorss",0,"","","",8253.55,"PASS","het",NA,1550,NA,0.02014,0.25,"Oncogene",0.355484,0.53242542153048,"chr2","209113112","T","IonXpress_037","IonXpress_037"
"chr2.212248747.A.IonXpress_038",164,255,"VAR152_IonXpress_038","chr2",212248747,"+","G","A","IonXpress_038","ERBB4","MS","R1174W",0.0144,0.1,"","","",1,"rs764035062",0,2.45260343855e-05,NA,5.95841029613e-05,NA,NA,NA,2.72311378985e-05,NA,3.24928515727e-05,"","","","","",NA,NA,NA,NA,"","","","Lapatinib",0,"","","",196.818,"PASS","het",NA,129,NA,0.05192,0.3,"",0.155039,0.544,"chr2","212248747","A","IonXpress_038","IonXpress_038"
"chr3.178916876.A.IonXpress_037",168,293,"VAR158_IonXpress_037","chr3",178916876,"+","G","A","IonXpress_037","PIK3CA","MS","R88Q",0.001,0.05,"","COSM746","cervix(2); large_intestine(27); stomach(6); central_nervous_system(11); endometrium(75); urinary_tract(3); oesophagus(2); breast(3); ovary(1); prostate(1); pancreas(3)",1,"rs121913287",0,NA,NA,NA,NA,NA,NA,NA,NA,NA,"","","","../MuPIT_Interactive?gm=chr3:179199088","Yes",NA,NA,NA,NA,"","","","PI3K/AKT/MTOR inhibitors",0,"","","",12036.8,"PASS","het",NA,2339,NA,0.02004,0.25,"Oncogene",0.348718,0.5,"chr3","178916876","A","IonXpress_037","IonXpress_037"
"chr3.178936091.A.IonXpress_013",187,364,"VAR166_IonXpress_013","chr3",178936091,"+","G","A","IonXpress_013","PIK3CA","MS","E545K",0,0.05,"Pathogenic/Likely pathogenic, not provided","COSM763","large_intestine(499); vulva(5); peritoneum(1); endometrium(46); lung(54); skin(21); kidney(6); thyroid(7); cervix(61); central_nervous_system(22); gastrointestinal_tract_(site_indeterminate)(7); oesophagus(36); parathyroid(1); NS(1); upper_aerodigestive_tract(67); biliary_tract(9); stomach(36); soft_tissue(3); urinary_tract(126); liver(8); penis(4); prostate(4); ovary(37); pancreas(4); salivary_gland(20); small_intestine(3); haematopoietic_and_lymphoid_tissue(1); thymus(1); pituitary(1); breast(505)",3,"rs104886003",0,4.08533446633e-06,NA,NA,NA,NA,NA,9.00138621348e-06,NA,NA,"","","","../MuPIT_Interactive?gm=chr3:179218303","Yes",NA,NA,NA,NA,"","","","PI3K/AKT/MTOR inhibitors",0,"","","",93777.6,"PASS","het",NA,5904,NA,0.00283,0.15,"Oncogene",0.78999,0.476981654551748,"chr3","178936091","A","IonXpress_013","IonXpress_013"
"chr3.178936091.A.IonXpress_015",188,365,"VAR166_IonXpress_015","chr3",178936091,"+","G","A","IonXpress_015","PIK3CA","MS","E545K",0,0.05,"Pathogenic/Likely pathogenic, not provided","COSM763","large_intestine(499); vulva(5); peritoneum(1); endometrium(46); lung(54); skin(21); kidney(6); thyroid(7); cervix(61); central_nervous_system(22); gastrointestinal_tract_(site_indeterminate)(7); oesophagus(36); parathyroid(1); NS(1); upper_aerodigestive_tract(67); biliary_tract(9); stomach(36); soft_tissue(3); urinary_tract(126); liver(8); penis(4); prostate(4); ovary(37); pancreas(4); salivary_gland(20); small_intestine(3); haematopoietic_and_lymphoid_tissue(1); thymus(1); pituitary(1); breast(505)",3,"rs104886003",0,4.08533446633e-06,NA,NA,NA,NA,NA,9.00138621348e-06,NA,NA,"","","","../MuPIT_Interactive?gm=chr3:179218303","Yes",NA,NA,NA,NA,"","","","PI3K/AKT/MTOR inhibitors",0,"","","",93777.6,"PASS","het",NA,2330,NA,0.00283,0.15,"Oncogene",0.319176,0.508726003490401,"chr3","178936091","A","IonXpress_015","IonXpress_015"
"chr3.178936091.A.IonXpress_036",189,366,"VAR166_IonXpress_036","chr3",178936091,"+","G","A","IonXpress_036","PIK3CA","MS","E545K",0,0.05,"Pathogenic/Likely pathogenic, not provided","COSM763","large_intestine(499); vulva(5); peritoneum(1); endometrium(46); lung(54); skin(21); kidney(6); thyroid(7); cervix(61); central_nervous_system(22); gastrointestinal_tract_(site_indeterminate)(7); oesophagus(36); parathyroid(1); NS(1); upper_aerodigestive_tract(67); biliary_tract(9); stomach(36); soft_tissue(3); urinary_tract(126); liver(8); penis(4); prostate(4); ovary(37); pancreas(4); salivary_gland(20); small_intestine(3); haematopoietic_and_lymphoid_tissue(1); thymus(1); pituitary(1); breast(505)",3,"rs104886003",0,4.08533446633e-06,NA,NA,NA,NA,NA,9.00138621348e-06,NA,NA,"","","","../MuPIT_Interactive?gm=chr3:179218303","Yes",NA,NA,NA,NA,"","","","PI3K/AKT/MTOR inhibitors",0,"","","",93777.6,"PASS","het",NA,7412,NA,0.00283,0.15,"Oncogene",0.405744,0.541317200604977,"chr3","178936091","A","IonXpress_036","IonXpress_036"
"chr3.178952085.G.IonXpress_001",190,422,"VAR171_IonXpress_001","chr3",178952085,"+","A","G","IonXpress_001","PIK3CA","MS","H1047R",0,0.05,"Pathogenic/Likely pathogenic","COSM775","large_intestine(326); endometrium(165); lung(19); skin(7); stomach(39); kidney(3); thyroid(9); cervix(5); central_nervous_system(27); gastrointestinal_tract_(site_indeterminate)(8); oesophagus(13); NS(11); upper_aerodigestive_tract(42); biliary_tract(2); meninges(2); soft_tissue(20); urinary_tract(30); breast(1330); prostate(7); ovary(101); pancreas(7); salivary_gland(22); small_intestine(3); haematopoietic_and_lymphoid_tissue(4); pituitary(2); bone(1); liver(18)",8,"rs121913279",0,4.08326595945e-06,NA,NA,NA,NA,NA,9.04012005279e-06,NA,NA,"","","","../MuPIT_Interactive?gm=chr3:179234297","Yes",NA,NA,NA,NA,"","","","PI3K/AKT/MTOR inhibitors",0,"","","",44446.5,"PASS","het",NA,6860,NA,0.06113,0.35,"Oncogene",0.410548,0.571621014818141,"chr3","178952085","G","IonXpress_001","IonXpress_001"
"chr3.178952085.G.IonXpress_010",191,423,"VAR171_IonXpress_010","chr3",178952085,"+","A","G","IonXpress_010","PIK3CA","MS","H1047R",0,0.05,"Pathogenic/Likely pathogenic","COSM775","large_intestine(326); endometrium(165); lung(19); skin(7); stomach(39); kidney(3); thyroid(9); cervix(5); central_nervous_system(27); gastrointestinal_tract_(site_indeterminate)(8); oesophagus(13); NS(11); upper_aerodigestive_tract(42); biliary_tract(2); meninges(2); soft_tissue(20); urinary_tract(30); breast(1330); prostate(7); ovary(101); pancreas(7); salivary_gland(22); small_intestine(3); haematopoietic_and_lymphoid_tissue(4); pituitary(2); bone(1); liver(18)",8,"rs121913279",0,4.08326595945e-06,NA,NA,NA,NA,NA,9.04012005279e-06,NA,NA,"","","","../MuPIT_Interactive?gm=chr3:179234297","Yes",NA,NA,NA,NA,"","","","PI3K/AKT/MTOR inhibitors",0,"","","",44446.5,"PASS","het",NA,2413,NA,0.06113,0.35,"Oncogene",0.309287,0.560547710740265,"chr3","178952085","G","IonXpress_010","IonXpress_010"
"chr3.178952085.G.IonXpress_011",192,424,"VAR171_IonXpress_011","chr3",178952085,"+","A","G","IonXpress_011","PIK3CA","MS","H1047R",0,0.05,"Pathogenic/Likely pathogenic","COSM775","large_intestine(326); endometrium(165); lung(19); skin(7); stomach(39); kidney(3); thyroid(9); cervix(5); central_nervous_system(27); gastrointestinal_tract_(site_indeterminate)(8); oesophagus(13); NS(11); upper_aerodigestive_tract(42); biliary_tract(2); meninges(2); soft_tissue(20); urinary_tract(30); breast(1330); prostate(7); ovary(101); pancreas(7); salivary_gland(22); small_intestine(3); haematopoietic_and_lymphoid_tissue(4); pituitary(2); bone(1); liver(18)",8,"rs121913279",0,4.08326595945e-06,NA,NA,NA,NA,NA,9.04012005279e-06,NA,NA,"","","","../MuPIT_Interactive?gm=chr3:179234297","Yes",NA,NA,NA,NA,"","","","PI3K/AKT/MTOR inhibitors",0,"","","",44446.5,"PASS","het",NA,3332,NA,0.06113,0.35,"Oncogene",0.502097,0.555589775177087,"chr3","178952085","G","IonXpress_011","IonXpress_011"
"chr3.178952085.G.IonXpress_020",193,425,"VAR171_IonXpress_020","chr3",178952085,"+","A","G","IonXpress_020","PIK3CA","MS","H1047R",0,0.05,"Pathogenic/Likely pathogenic","COSM775","large_intestine(326); endometrium(165); lung(19); skin(7); stomach(39); kidney(3); thyroid(9); cervix(5); central_nervous_system(27); gastrointestinal_tract_(site_indeterminate)(8); oesophagus(13); NS(11); upper_aerodigestive_tract(42); biliary_tract(2); meninges(2); soft_tissue(20); urinary_tract(30); breast(1330); prostate(7); ovary(101); pancreas(7); salivary_gland(22); small_intestine(3); haematopoietic_and_lymphoid_tissue(4); pituitary(2); bone(1); liver(18)",8,"rs121913279",0,4.08326595945e-06,NA,NA,NA,NA,NA,9.04012005279e-06,NA,NA,"","","","../MuPIT_Interactive?gm=chr3:179234297","Yes",NA,NA,NA,NA,"","","","PI3K/AKT/MTOR inhibitors",0,"","","",44446.5,"PASS","het",NA,6039,NA,0.06113,0.35,"Oncogene",0.309323,0.494187026116259,"chr3","178952085","G","IonXpress_020","IonXpress_020"
"chr3.178952085.G.IonXpress_021",194,426,"VAR171_IonXpress_021","chr3",178952085,"+","A","G","IonXpress_021","PIK3CA","MS","H1047R",0,0.05,"Pathogenic/Likely pathogenic","COSM775","large_intestine(326); endometrium(165); lung(19); skin(7); stomach(39); kidney(3); thyroid(9); cervix(5); central_nervous_system(27); gastrointestinal_tract_(site_indeterminate)(8); oesophagus(13); NS(11); upper_aerodigestive_tract(42); biliary_tract(2); meninges(2); soft_tissue(20); urinary_tract(30); breast(1330); prostate(7); ovary(101); pancreas(7); salivary_gland(22); small_intestine(3); haematopoietic_and_lymphoid_tissue(4); pituitary(2); bone(1); liver(18)",8,"rs121913279",0,4.08326595945e-06,NA,NA,NA,NA,NA,9.04012005279e-06,NA,NA,"","","","../MuPIT_Interactive?gm=chr3:179234297","Yes",NA,NA,NA,NA,"","","","PI3K/AKT/MTOR inhibitors",0,"","","",44446.5,"PASS","het",NA,2304,NA,0.06113,0.35,"Oncogene",0.297309,0.545859305431879,"chr3","178952085","G","IonXpress_021","IonXpress_021"
"chr3.178952085.G.IonXpress_029",195,427,"VAR171_IonXpress_029","chr3",178952085,"+","A","G","IonXpress_029","PIK3CA","MS","H1047R",0,0.05,"Pathogenic/Likely pathogenic","COSM775","large_intestine(326); endometrium(165); lung(19); skin(7); stomach(39); kidney(3); thyroid(9); cervix(5); central_nervous_system(27); gastrointestinal_tract_(site_indeterminate)(8); oesophagus(13); NS(11); upper_aerodigestive_tract(42); biliary_tract(2); meninges(2); soft_tissue(20); urinary_tract(30); breast(1330); prostate(7); ovary(101); pancreas(7); salivary_gland(22); small_intestine(3); haematopoietic_and_lymphoid_tissue(4); pituitary(2); bone(1); liver(18)",8,"rs121913279",0,4.08326595945e-06,NA,NA,NA,NA,NA,9.04012005279e-06,NA,NA,"","","","../MuPIT_Interactive?gm=chr3:179234297","Yes",NA,NA,NA,NA,"","","","PI3K/AKT/MTOR inhibitors",0,"","","",44446.5,"PASS","het",NA,2144,NA,0.06113,0.35,"Oncogene",0.212093,0.550883898709986,"chr3","178952085","G","IonXpress_029","IonXpress_029"
"chr3.178952085.G.IonXpress_037",196,428,"VAR171_IonXpress_037","chr3",178952085,"+","A","G","IonXpress_037","PIK3CA","MS","H1047R",0,0.05,"Pathogenic/Likely pathogenic","COSM775","large_intestine(326); endometrium(165); lung(19); skin(7); stomach(39); kidney(3); thyroid(9); cervix(5); central_nervous_system(27); gastrointestinal_tract_(site_indeterminate)(8); oesophagus(13); NS(11); upper_aerodigestive_tract(42); biliary_tract(2); meninges(2); soft_tissue(20); urinary_tract(30); breast(1330); prostate(7); ovary(101); pancreas(7); salivary_gland(22); small_intestine(3); haematopoietic_and_lymphoid_tissue(4); pituitary(2); bone(1); liver(18)",8,"rs121913279",0,4.08326595945e-06,NA,NA,NA,NA,NA,9.04012005279e-06,NA,NA,"","","","../MuPIT_Interactive?gm=chr3:179234297","Yes",NA,NA,NA,NA,"","","","PI3K/AKT/MTOR inhibitors",0,"","","",44446.5,"PASS","het",NA,1110,NA,0.06113,0.35,"Oncogene",0.36241,0.551565377532228,"chr3","178952085","G","IonXpress_037","IonXpress_037"
"chr3.178952085.G.IonXpress_043",197,429,"VAR171_IonXpress_043","chr3",178952085,"+","A","G","IonXpress_043","PIK3CA","MS","H1047R",0,0.05,"Pathogenic/Likely pathogenic","COSM775","large_intestine(326); endometrium(165); lung(19); skin(7); stomach(39); kidney(3); thyroid(9); cervix(5); central_nervous_system(27); gastrointestinal_tract_(site_indeterminate)(8); oesophagus(13); NS(11); upper_aerodigestive_tract(42); biliary_tract(2); meninges(2); soft_tissue(20); urinary_tract(30); breast(1330); prostate(7); ovary(101); pancreas(7); salivary_gland(22); small_intestine(3); haematopoietic_and_lymphoid_tissue(4); pituitary(2); bone(1); liver(18)",8,"rs121913279",0,4.08326595945e-06,NA,NA,NA,NA,NA,9.04012005279e-06,NA,NA,"","","","../MuPIT_Interactive?gm=chr3:179234297","Yes",NA,NA,NA,NA,"","","","PI3K/AKT/MTOR inhibitors",0,"","","",44446.5,"PASS","het",NA,2697,NA,0.06113,0.35,"Oncogene",0.493708,0.523574144486692,"chr3","178952085","G","IonXpress_043","IonXpress_043"
"chr4.143114315.A.IonXpress_039",304,613,"VAR191_IonXpress_039","chr4",143114315,"+","G","A","IonXpress_039","INPP4B","MS","P369L",0.1114,0.2,"","","",1,"",0,NA,NA,NA,NA,NA,NA,NA,NA,NA,"","","","","",NA,NA,NA,NA,"","","","",0,"","","",684.415,"PASS","het",NA,368,NA,0.00577,0.2,"",0.16442,0.532967032967033,"chr4","143114315","A","IonXpress_039","IonXpress_039"
"chr5.176522354.A.IonXpress_039",394,752,"VAR217_IonXpress_039","chr5",176522354,"+","G","A","IonXpress_039","FGFR4","MS","A515T",0.0166,0.1,"","","",1,"",0,NA,NA,NA,NA,NA,NA,NA,NA,NA,"","","","../MuPIT_Interactive?gm=chr5:177095353","",NA,NA,NA,NA,"","","","",0,"","","",417.896,"PASS","het",NA,276,NA,0.17023,0.5,"",0.152174,0.578125,"chr5","176522354","A","IonXpress_039","IonXpress_039"
"chr5.56152450.T.IonXpress_038",305,648,"VAR193_IonXpress_038","chr5",56152450,"+","C","T","IonXpress_038","MAP3K1","MS","T169I",0.0792,0.2,"","","",1,"",0,NA,NA,NA,NA,NA,NA,NA,NA,NA,"","","","","",NA,NA,NA,NA,"","","","",0,"","","",171.653,"PASS","het",NA,101,NA,0.0164,0.25,"TSG",0.178218,0.520833333333333,"chr5","56152450","T","IonXpress_038","IonXpress_038"
"chr5.56155651.A.IonXpress_011",306,649,"VAR194_IonXpress_011","chr5",56155651,"+","G","A","IonXpress_011","MAP3K1","MS","R248Q",0.0914,0.2,"","","",1,"rs201579608",0.00018151,0.000148343259065,8.34097923096e-05,0.000203654137088,NA,0.000159642401022,NA,0.000198041763047,0.000155424308362,9.76880494953e-05,"","","","","",NA,NA,NA,NA,"","","","",0.000199681,"","","",7961.19,"PASS","het",NA,2322,NA,0.28216,0.7,"TSG",0.257439,0.478527607361963,"chr5","56155651","A","IonXpress_011","IonXpress_011"
"chr5.56177843.G.IonXpress_008",353,698,"VAR203_IonXpress_008","chr5",56177843,"+","C","G","IonXpress_008","MAP3K1","MS","S939C",0.2008,0.35,"","","",4,"rs45556841",0.0141543,0.0158997666509,0.00430516619944,0.018312335189,0.0440911817636,0.000108577633008,0.00359712230216,0.021986970684,0.0253586920254,0.00517544430701,"","","","","",NA,NA,NA,NA,"","","","",0.00738818,"","","",11033,"PASS","het",NA,831,NA,0.90426,1,"TSG",0.408163,0.514250309789343,"chr5","56177843","G","IonXpress_008","IonXpress_008"
"chr5.56177843.G.IonXpress_016",354,699,"VAR203_IonXpress_016","chr5",56177843,"+","C","G","IonXpress_016","MAP3K1","MS","S939C",0.2008,0.35,"","","",4,"rs45556841",0.0141543,0.0158997666509,0.00430516619944,0.018312335189,0.0440911817636,0.000108577633008,0.00359712230216,0.021986970684,0.0253586920254,0.00517544430701,"","","","","",NA,NA,NA,NA,"","","","",0.00738818,"","","",11033,"PASS","het",NA,796,NA,0.90426,1,"TSG",0.212312,0.502557544757033,"chr5","56177843","G","IonXpress_016","IonXpress_016"
"chr5.56177843.G.IonXpress_019",355,700,"VAR203_IonXpress_019","chr5",56177843,"+","C","G","IonXpress_019","MAP3K1","MS","S939C",0.2008,0.35,"","","",4,"rs45556841",0.0141543,0.0158997666509,0.00430516619944,0.018312335189,0.0440911817636,0.000108577633008,0.00359712230216,0.021986970684,0.0253586920254,0.00517544430701,"","","","","",NA,NA,NA,NA,"","","","",0.00738818,"","","",11033,"PASS","het",NA,149,NA,0.90426,1,"TSG",0.612245,0.554794520547945,"chr5","56177843","G","IonXpress_019","IonXpress_019"
"chr5.56177843.G.IonXpress_041",356,701,"VAR203_IonXpress_041","chr5",56177843,"+","C","G","IonXpress_041","MAP3K1","MS","S939C",0.2008,0.35,"","","",4,"rs45556841",0.0141543,0.0158997666509,0.00430516619944,0.018312335189,0.0440911817636,0.000108577633008,0.00359712230216,0.021986970684,0.0253586920254,0.00517544430701,"","","","","",NA,NA,NA,NA,"","","","",0.00738818,"","","",11033,"PASS","het",NA,1278,NA,0.90426,1,"TSG",0.51451,0.521877486077963,"chr5","56177843","G","IonXpress_041","IonXpress_041"
"chr7.116339268.T.IonXpress_038",611,972,"VAR235_IonXpress_038","chr7",116339268,"+","C","T","IonXpress_038","MET","MS","P44S",0.0112,0.05,"","COSM5609368","skin(1)",1,"",0,NA,NA,NA,NA,NA,NA,NA,NA,NA,"","","","../MuPIT_Interactive?gm=chr7:116699214","",NA,NA,NA,NA,"","","","Gefitinib, Erlotinib, EGFR inhibitors",0,"","","",240.497,"PASS","het",NA,109,NA,0.17478,0.5,"Oncogene",0.211009,0.477064220183486,"chr7","116339268","T","IonXpress_038","IonXpress_038"
"chr7.116399498.T.IonXpress_038",615,976,"VAR239_IonXpress_038","chr7",116399498,"+","C","T","IonXpress_038","MET","MS","P791L",0.2802,0.5,"","","",1,"rs771333219",0,0.00010995365657,NA,0.000537570182774,NA,NA,NA,8.0833483025e-05,NA,NA,"","","","../MuPIT_Interactive?gm=chr7:116759444","",NA,NA,NA,NA,"","","","Gefitinib, Erlotinib, EGFR inhibitors",0,"intron","MET","ENST00000436117.2(intron)",227.092,"PASS","het",NA,107,NA,0.06346,0.35,"Oncogene",0.205607,0.462264150943396,"chr7","116399498","T","IonXpress_038","IonXpress_038"
"chr7.55211013.A.IonXpress_038",503,863,"VAR226_IonXpress_038","chr7",55211013,"+","G","A","IonXpress_038","EGFR","MS","A86T",0.35,0.55,"","","",1,"",0,NA,NA,NA,NA,NA,NA,NA,NA,NA,"","","","../MuPIT_Interactive?gm=chr7:55143320","",NA,NA,NA,NA,"","","","Erlotinib, Gefitinib, EGFR Inhibitors",0,"","","",406.327,"PASS","het",NA,133,NA,0.5212,0.85,"Oncogene",0.255639,0.534351145038168,"chr7","55211013","A","IonXpress_038","IonXpress_038"
"chr8.38285876.A.IonXpress_038",1207,2054,"VAR470_IonXpress_038","chr8",38285876,"+","G","A","IonXpress_038","FGFR1","MS","P179S",0.0254,0.1,"","","",1,"",0,NA,NA,NA,NA,NA,NA,NA,NA,NA,"","","","../MuPIT_Interactive?gm=chr8:38428358","",NA,NA,NA,NA,"","","","FGFR Inhibitors",0,"","","",239.996,"PASS","het",NA,107,NA,0.0756,0.35,"",0.214953,0.572815533980582,"chr8","38285876","A","IonXpress_038","IonXpress_038"
"chr9.22006198.T.IonXpress_014",638,1136,"VAR265_IonXpress_014","chr9",22006198,"+","C","T","IonXpress_014","CDKN2B","MS","G69S",0.0882,0.2,"","","",1,"rs779655098",0,3.89421579148e-05,NA,NA,NA,NA,NA,9.68917138206e-06,NA,0.000260909268802,"","","","../MuPIT_Interactive?gm=chr9:22006199","",NA,NA,NA,NA,"","","","CDK4/6 inhibitors",0,"5' UTR","CDKN2B","ENST00000380142.4(5' UTR)",1222.24,"PASS","het",NA,230,NA,0.07975,0.35,"",0.391304,0.513157894736842,"chr9","22006198","T","IonXpress_014","IonXpress_014"
"chr9.98209591.C.IonXpress_033",641,1145,"VAR269_IonXpress_033","chr9",98209591,"+","T","C","IonXpress_033","PTCH1","MS","Y1316C",0.0364,0.15,"","","",1,"rs147067171",0.0006011545,0.000546259770351,8.68432479375e-05,0.000320176970544,0.00109758531231,NA,0.000155207201614,0.000929818887451,0.000624609618988,6.50575759547e-05,"","","","","",NA,NA,NA,NA,"","","","Vismodegib, hedgehog inhibitors",0,"","","",679.54,"PASS","het",NA,76,NA,0.04524,0.3,"TSG",0.618421,0.486111111111111,"chr9","98209591","C","IonXpress_033","IonXpress_033"
"chr9.98248147.T.IonXpress_038",666,1171,"VAR276_IonXpress_038","chr9",98248147,"+","C","T","IonXpress_038","PTCH1","MS","R135Q",0.0674,0.2,"","COSM5926683","skin(1)",1,"rs375628555",5.81395e-05,1.80367372264e-05,NA,5.81057524695e-05,NA,NA,NA,2.36783532495e-05,NA,NA,"","","","","",NA,NA,NA,NA,"","","","Vismodegib, hedgehog inhibitors",0,"3' UTR","PTCH1","ENST00000418258.5(3' UTR),ENST00000421141.5(3' UTR),ENST00000429896.6(3' UTR)",98.9327,"PASS","het",NA,55,NA,0.00789,0.2,"TSG",0.218182,0.472727272727273,"chr9","98248147","T","IonXpress_038","IonXpress_038"
"chrX.66863132.C.IonXpress_033",1170,2005,"VAR440_IonXpress_033","chrX",66863132,"+","G","C","IonXpress_033","AR","MS","D551H",0.1196,0.25,"","","",1,"rs777461721",0,3.99562479085e-05,NA,NA,NA,NA,NA,3.31081975897e-05,NA,0.000261233019854,"","","","","",NA,NA,NA,NA,"","","","Androgen Deprivation",0,"intron","AR","ENST00000613054.2(intron)",42647.4,"PASS","het",NA,2787,NA,0.19371,0.5,"Oncogene",0.767934,0.550687907313541,"chrX","66863132","C","IonXpress_033","IonXpress_033"
